key,name.en,productType.key,productType.typeId,description.en,categories,categoryOrderHints,priceMode,taxCategory.key,taxCategory.typeId,state.key,state.typeId,id,searchKeywords.en,slug.en,metaTitle.en,metaDescription.en,metaKeywords.en,createdAt,lastModifiedAt,published,hasStagedChanges,variants.key,variants.sku,variants.id,variants.images.url,variants.images.label,variants.images.dimensions.w,variants.images.dimensions.h,variants.prices.key,variants.prices.value.currencyCode,variants.prices.value.centAmount,variants.prices.value.preciseAmount,variants.prices.value.fractionDigits,variants.prices.value.type,variants.prices.country,variants.prices.customerGroup.key,variants.prices.customerGroup.typeId,variants.prices.channel.key,variants.prices.channel.typeId,variants.prices.discounted.value.currencyCode,variants.prices.discounted.value.centAmount,variants.prices.discounted.value.preciseAmount,variants.prices.discounted.value.fractionDigits,variants.prices.discounted.value.type,variants.prices.discounted.discount.typeId,variants.prices.discounted.discount.id,variants.prices.discounted.discount.key,variants.prices.validFrom,variants.prices.validUntil,variants.assets.key,variants.assets.name.en,variants.assets.description.en,variants.assets.sources.key,variants.assets.sources.uri,variants.assets.sources.dimensions.w,variants.assets.sources.dimensions.h,variants.assets.tags
cactus-03,Star cactus,cactus-types,product-type,"Star Cactus is a small, eye-catching succulent with a distinctive star-shaped body covered in tiny spines. Ideal for indoor display or as part of a succulent collection, it thrives in bright light and requires minimal watering. Its unique shape and compact size make it a charming, low-maintenance plant.",,,Embedded,Europe-Tax,tax-category,,,d23bbe09-78fb-4704-9015-b9ea11fb58f9,,star-cactus,,,,2025-12-01T22:18:37.411Z,2025-12-02T21:12:09.511Z,true,false,,CACTUS-0003,1,https://images.cdn.europe-west1.gcp.commercetools.com/84a29bc0-7ec5-4246-b5ab-0b0595056755/flower-01-a-1cqwfRS9.jpg,Star cactus,960,1320,,EUR,1000,,2,centPrecision,,,,,,,,,,,,,,,,,,,,,,,
,,,,,,,,,,,,,,,,,,,,,,,,,https://images.cdn.europe-west1.gcp.commercetools.com/84a29bc0-7ec5-4246-b5ab-0b0595056755/flower-01-c-wXo8qkNB.jpg,Star cactus,960,1320,,,,,,,,,,,,,,,,,,,,,,,,,,,,,
,,,,,,,,,,,,,,,,,,,,,,,,,https://images.cdn.europe-west1.gcp.commercetools.com/84a29bc0-7ec5-4246-b5ab-0b0595056755/flower-01-b-zv9oo-i2.jpg,Star cactus,960,1320,,,,,,,,,,,,,,,,,,,,,,,,,,,,,
nursery-pot-01,Nursery Pot - White,pots-types,product-type,"Nursery pot is a lightweight, practical container designed to support healthy root growth and provide excellent drainage. Made for growing, transporting, and caring for plants, it focuses on function rather than style. Perfect for keeping your plant healthy until you place it in a decorative pot of your choice.",,,Embedded,Europe-Tax,tax-category,,,3034d7db-9353-4a0b-abc5-502048ebca8c,,nursery-pot-white,,,,2025-12-01T21:29:23.278Z,2025-12-01T21:32:17.408Z,true,false,,Nursery-Pot-01,1,https://images.cdn.europe-west1.gcp.commercetools.com/84a29bc0-7ec5-4246-b5ab-0b0595056755/cultivation-pot9-tt7KiqBD.jpg,Nursery Pot:,820,820,,EUR,500,,2,centPrecision,,,,,,,,,,,,,,,,,,,,,,,
,,,,,,,,,,,,,,,,,,,,,,,,,https://images.cdn.europe-west1.gcp.commercetools.com/84a29bc0-7ec5-4246-b5ab-0b0595056755/cultivation-pot2-SrhSZacK.jpg,Nursery Pot:,820,820,,,,,,,,,,,,,,,,,,,,,,,,,,,,,
,,,,,,,,,,,,,,,,,,,,,,,,,https://images.cdn.europe-west1.gcp.commercetools.com/84a29bc0-7ec5-4246-b5ab-0b0595056755/cultivation-pot8-FzEhPuIs.jpg,Nursery Pot:,820,820,,,,,,,,,,,,,,,,,,,,,,,,,,,,,
cactus-07,Mammillaria hahniana,cactus-types,product-type,"Mammillaria hahniana, also known as the Old Lady Cactus, is a charming, round cactus covered in soft white spines and delicate wool. In bright light, it produces lovely pink flowers that form a crown around the top. Easy to care for and visually striking, it’s a delightful addition to any cactus collection.",,,Embedded,Europe-Tax,tax-category,,,8e678582-3fd8-4916-af2e-5c085b877e31,,mammillaria-hahniana,,,,2025-12-02T21:29:54.048Z,2025-12-02T21:31:04.061Z,true,false,,CACTUS-0007,1,https://images.cdn.europe-west1.gcp.commercetools.com/84a29bc0-7ec5-4246-b5ab-0b0595056755/cactus5-HHM0WRwU.jpg,Mammillaria hahniana,820,820,,EUR,1200,,2,centPrecision,,,,,,,,,,,,,,,,,,,,,,,
,,,,,,,,,,,,,,,,,,,,,,,,,https://images.cdn.europe-west1.gcp.commercetools.com/84a29bc0-7ec5-4246-b5ab-0b0595056755/cactus8-c-8xIBRn.jpg,Mammillaria hahniana,820,820,,,,,,,,,,,,,,,,,,,,,,,,,,,,,
,,,,,,,,,,,,,,,,,,,,,,,,,https://images.cdn.europe-west1.gcp.commercetools.com/84a29bc0-7ec5-4246-b5ab-0b0595056755/cactus6-sRFUvSj_.jpg,Mammillaria hahniana,1000,1000,,,,,,,,,,,,,,,,,,,,,,,,,,,,,
,,,,,,,,,,,,,,,,,,,,,,,,,https://images.cdn.europe-west1.gcp.commercetools.com/84a29bc0-7ec5-4246-b5ab-0b0595056755/cactus7-wO-eH17J.jpg,Mammillaria hahniana,1000,1000,,,,,,,,,,,,,,,,,,,,,,,,,,,,,
cactus-05,Pilosocereus azureus,cactus-types,product-type,"Pilosocereus azureus is a stunning blue cactus with tall, columnar growth and soft, golden spines that create a beautiful contrast against its cool-toned skin. Thriving in bright light and requiring minimal watering, it’s an easy-care plant that brings a unique, sculptural desert charm to any collection.",,,Embedded,Europe-Tax,tax-category,,,39369a6c-6595-4817-9095-f9d240695bb8,,pilosocereus-azureus,,,,2025-12-02T21:05:44.408Z,2025-12-03T23:59:55.853Z,true,false,,CACTUS-0005,1,https://images.cdn.europe-west1.gcp.commercetools.com/84a29bc0-7ec5-4246-b5ab-0b0595056755/cactus9%20copy-yUWXml7l.jpg,Pilosocereus azureus,820,820,,EUR,800,,2,centPrecision,,,,,,,,,,,,,,,,,,,,,,,
,,,,,,,,,,,,,,,,,,,,,,,,,https://images.cdn.europe-west1.gcp.commercetools.com/84a29bc0-7ec5-4246-b5ab-0b0595056755/cactus10%20copy-SMc8citr.jpg,Pilosocereus azureus,820,820,,,,,,,,,,,,,,,,,,,,,,,,,,,,,
,,,,,,,,,,,,,,,,,,,,,,,,,https://images.cdn.europe-west1.gcp.commercetools.com/84a29bc0-7ec5-4246-b5ab-0b0595056755/cactus11%20copy-uuH3IEX3.jpg,Pilosocereus azureus,1000,1000,,,,,,,,,,,,,,,,,,,,,,,,,,,,,
,,,,,,,,,,,,,,,,,,,,,,,CACTUS-0009,2,https://images.cdn.europe-west1.gcp.commercetools.com/84a29bc0-7ec5-4246-b5ab-0b0595056755/tdl0u5eh20sdzrcf06hy-i6blUNwI.jpg,Pilosocereus azureus,820,820,,EUR,1800,,2,centPrecision,,,,,,,,,,,,,,,,,,,,,,,
,,,,,,,,,,,,,,,,,,,,,,,,,https://images.cdn.europe-west1.gcp.commercetools.com/84a29bc0-7ec5-4246-b5ab-0b0595056755/gmkxc5jkyfuymr9qgkbc-qgA1SkBF.jpg,Pilosocereus azureus,820,820,,,,,,,,,,,,,,,,,,,,,,,,,,,,,
,,,,,,,,,,,,,,,,,,,,,,,,,https://images.cdn.europe-west1.gcp.commercetools.com/84a29bc0-7ec5-4246-b5ab-0b0595056755/cactus13-IXyXUxaD.jpg,Pilosocereus azureus,1000,1000,,,,,,,,,,,,,,,,,,,,,,,,,,,,,
,,,,,,,,,,,,,,,,,,,,,,,,,https://images.cdn.europe-west1.gcp.commercetools.com/84a29bc0-7ec5-4246-b5ab-0b0595056755/cactus12-Jv-GvLMK.jpg,Pilosocereus azureus,1000,1000,,,,,,,,,,,,,,,,,,,,,,,,,,,,,
succulents-04,Hoya hearts,succulents-types,product-type,"Hoya Hearts are charming succulent hearts, usually grown from a single Hoya kerrii leaf. They love bright, indirect light and require very infrequent watering. Small, long-lasting, and incredibly cute, they are perfect for gifts, small spaces, and adding a stylish green accent to any interior.",,,Embedded,Europe-Tax,tax-category,,,87790e06-39d4-4918-99f9-e6b9c3f513ae,,hoya-hearts,,,,2025-12-04T00:04:19.556Z,2025-12-04T00:08:06.485Z,true,false,,suculents-03,1,https://images.cdn.europe-west1.gcp.commercetools.com/84a29bc0-7ec5-4246-b5ab-0b0595056755/u8u5dwd5gqdhbn6gpbix-wh_NTE__.jpeg,,1500,1500,,EUR,800,,2,centPrecision,,,,,,,,,,,,,,,,,,,,,,,
,,,,,,,,,,,,,,,,,,,,,,,,,https://images.cdn.europe-west1.gcp.commercetools.com/84a29bc0-7ec5-4246-b5ab-0b0595056755/ln5irkdm9iqmoicywiju-xfTw2ZoY.jpeg,,1500,1500,,,,,,,,,,,,,,,,,,,,,,,,,,,,,
,,,,,,,,,,,,,,,,,,,,,,,,,https://images.cdn.europe-west1.gcp.commercetools.com/84a29bc0-7ec5-4246-b5ab-0b0595056755/pk98gfouoobsjwvvr1ou-85DyIIaZ.jpg,,1000,1000,,,,,,,,,,,,,,,,,,,,,,,,,,,,,
indoor-plants-05,Monstera deliciosa,indoor-plants-type,product-type,,,,Embedded,Europe-Tax,tax-category,,,02ef7030-bc1b-4f26-a22f-b958068522a2,,monstera-deliciosa,,,,2025-12-02T21:16:17.575Z,2025-12-02T21:19:57.118Z,true,false,,indoor-plants-04,1,https://images.cdn.europe-west1.gcp.commercetools.com/84a29bc0-7ec5-4246-b5ab-0b0595056755/weyurkhxe1zhmgfzdnfv-SUHMkkaR.jpg,Monstera deliciosa,820,820,,EUR,10000,,2,centPrecision,,,,,,,,,,,,,,,,,,,,,,,
,,,,,,,,,,,,,,,,,,,,,,,,,https://images.cdn.europe-west1.gcp.commercetools.com/84a29bc0-7ec5-4246-b5ab-0b0595056755/puqrwlkvtjwy3tff2rek-n2nfm4b-.jpg,Monstera deliciosa,820,820,,,,,,,,,,,,,,,,,,,,,,,,,,,,,
,,,,,,,,,,,,,,,,,,,,,,,,,https://images.cdn.europe-west1.gcp.commercetools.com/84a29bc0-7ec5-4246-b5ab-0b0595056755/eccnnfsuv5y14ixsgcmo-CAMR54yw.jpg,Monstera deliciosa,1000,1000,,,,,,,,,,,,,,,,,,,,,,,,,,,,,
,,,,,,,,,,,,,,,,,,,,,,,,,https://images.cdn.europe-west1.gcp.commercetools.com/84a29bc0-7ec5-4246-b5ab-0b0595056755/wskwakb44iw6eotrj0tp-YtAqpk7H.jpg,Monstera deliciosa,1000,1000,,,,,,,,,,,,,,,,,,,,,,,,,,,,,
,,,,,,,,,,,,,,,,,,,,,,,,,https://images.cdn.europe-west1.gcp.commercetools.com/84a29bc0-7ec5-4246-b5ab-0b0595056755/p8iybyq82tkgbdxxctgb-Bm9K3I1Y.jpg,Monstera deliciosa,820,820,,,,,,,,,,,,,,,,,,,,,,,,,,,,,
outdoor-pots-01,Fibrestone trough pot,pots-types,product-type,"Fibrestone Trough Pot is a durable, weather-resistant planter designed for outdoor use. Made from lightweight yet sturdy fibrestone, it combines the natural look of stone with easy handling. Ideal for flowers, shrubs, or small trees, it provides excellent drainage and a stylish, modern touch to gardens, patios, or balconies.",outdoor-pots,,Embedded,Europe-Tax,tax-category,,,355f817a-0301-4227-9a39-ce280e1c6bed,,fibrestone-trough-pot,,,,2025-12-04T00:18:45.862Z,2025-12-04T00:19:48.163Z,true,false,,outdoor-pots-01,1,https://images.cdn.europe-west1.gcp.commercetools.com/84a29bc0-7ec5-4246-b5ab-0b0595056755/outdoor-pots1-mY0VT9qd.jpg,Fibrestone Trough Pot,1000,1000,,EUR,3000,,2,centPrecision,,,,,,,,,,,,,,,,,,,,,,,
,,,,,,,,,,,,,,,,,,,,,,,,,https://images.cdn.europe-west1.gcp.commercetools.com/84a29bc0-7ec5-4246-b5ab-0b0595056755/outdoor-pots-3-Zfp7wml1.jpg,Fibrestone Trough Pot,1000,1000,,,,,,,,,,,,,,,,,,,,,,,,,,,,,
,,,,,,,,,,,,,,,,,,,,,,,,,https://images.cdn.europe-west1.gcp.commercetools.com/84a29bc0-7ec5-4246-b5ab-0b0595056755/outdoor-pots2-WYEbMBLo.jpeg,Fibrestone Trough Pot,1500,1500,,,,,,,,,,,,,,,,,,,,,,,,,,,,,
succulents-10,Echeveria 'Purple Pearl',succulents-types,product-type,"Echeveria 'Purple Pearl' is a stunning succulent with large, smooth rosettes in soft shades of purple and pink. It thrives in bright light and requires only occasional watering, making it easy to care for. Its vibrant color and elegant shape add a touch of sophistication to any succulent display or indoor arrangement.",,,Embedded,Europe-Tax,tax-category,,,087c51fb-617c-4d28-9d19-284f0de361dd,,echeveria-purple-pearl,,,,2025-12-05T20:05:35.557Z,2025-12-05T20:10:46.944Z,true,false,,suculents-10,1,https://images.cdn.europe-west1.gcp.commercetools.com/84a29bc0-7ec5-4246-b5ab-0b0595056755/succulent6-ua0VNv40.jpg,Echeveria 'Purple Pearl',820,820,,EUR,1200,,2,centPrecision,,,,,,,,,,,,,,,,,,,,,,,
,,,,,,,,,,,,,,,,,,,,,,,,,https://images.cdn.europe-west1.gcp.commercetools.com/84a29bc0-7ec5-4246-b5ab-0b0595056755/succulent5-lM4gpBfj.jpg,Echeveria 'Purple Pearl',820,820,,,,,,,,,,,,,,,,,,,,,,,,,,,,,
,,,,,,,,,,,,,,,,,,,,,,,,,https://images.cdn.europe-west1.gcp.commercetools.com/84a29bc0-7ec5-4246-b5ab-0b0595056755/succulent8-9eEF6daO.jpg,Echeveria 'Purple Pearl',1000,1000,,,,,,,,,,,,,,,,,,,,,,,,,,,,,
,,,,,,,,,,,,,,,,,,,,,,,,,https://images.cdn.europe-west1.gcp.commercetools.com/84a29bc0-7ec5-4246-b5ab-0b0595056755/succulent7-B8ZhD_BP.jpg,Echeveria 'Purple Pearl',1000,1000,,,,,,,,,,,,,,,,,,,,,,,,,,,,,
succulents-05,Haworthia Limifolia,succulents-types,product-type,"Haworthia limifolia is a striking succulent known for its dark green, ridged leaves arranged in a perfect rosette. Compact and easy to care for, it thrives in bright, indirect light and needs only occasional watering. Its unique texture and geometric form make it an elegant, low-maintenance addition to any plant collection.",,,Embedded,Europe-Tax,tax-category,,,81b0c263-bdfa-4139-9f6a-5b36307e04d3,,haworthia-limifolia,,,,2025-12-04T00:07:03.159Z,2025-12-04T00:14:50.730Z,true,false,,suculents-05,1,https://images.cdn.europe-west1.gcp.commercetools.com/84a29bc0-7ec5-4246-b5ab-0b0595056755/flower-07-a-NplJARwY.jpg,Haworthia limifolia,960,1320,,EUR,2000,,2,centPrecision,,,,,,,,,,,,,,,,,,,,,,,
,,,,,,,,,,,,,,,,,,,,,,,,,https://images.cdn.europe-west1.gcp.commercetools.com/84a29bc0-7ec5-4246-b5ab-0b0595056755/flower-07-c-cAaxt3ae.jpg,Haworthia limifolia,960,1320,,,,,,,,,,,,,,,,,,,,,,,,,,,,,
,,,,,,,,,,,,,,,,,,,,,,,,,https://images.cdn.europe-west1.gcp.commercetools.com/84a29bc0-7ec5-4246-b5ab-0b0595056755/flower-07-b-KW-d7b6W.jpg,Haworthia limifolia,960,1320,,,,,,,,,,,,,,,,,,,,,,,,,,,,,
indoor-plants-02,Spathiphyllum wallisii,indoor-plants-type,product-type,"Spathiphyllum wallisii, commonly known as the Peace Lily, is a popular indoor plant admired for its glossy green leaves and elegant white blooms. It thrives in low to bright indirect light and prefers moderate watering. Easy to care for, it brings a touch of freshness and tranquility to any indoor space.",,,Embedded,Europe-Tax,tax-category,,,5010bd94-6b92-463c-ab70-aa46653f0906,,spathiphyllum-wallisii,,,,2025-12-01T22:22:22.445Z,2025-12-01T22:24:28.108Z,true,false,,indoor-plants-02,1,https://images.cdn.europe-west1.gcp.commercetools.com/84a29bc0-7ec5-4246-b5ab-0b0595056755/hdrqdzhnyfxcmcjfbd5c-yxSHTROy.jpg,Spathiphyllum wallisii,820,820,,EUR,1500,,2,centPrecision,,,,,,,,,,,,,,,,,,,,,,,
,,,,,,,,,,,,,,,,,,,,,,,,,https://images.cdn.europe-west1.gcp.commercetools.com/84a29bc0-7ec5-4246-b5ab-0b0595056755/nj7jpjpu72zx6nu1npa2-_9g-eJmU.jpg,Spathiphyllum wallisii,820,820,,,,,,,,,,,,,,,,,,,,,,,,,,,,,
,,,,,,,,,,,,,,,,,,,,,,,,,https://images.cdn.europe-west1.gcp.commercetools.com/84a29bc0-7ec5-4246-b5ab-0b0595056755/peace-lily-158db9_10-GzkLrGaM.jpg,Spathiphyllum wallisii,1000,1000,,,,,,,,,,,,,,,,,,,,,,,,,,,,,
,,,,,,,,,,,,,,,,,,,,,,,,,https://images.cdn.europe-west1.gcp.commercetools.com/84a29bc0-7ec5-4246-b5ab-0b0595056755/peace-lily-14c01a_10-BE78d6tV.jpg,Spathiphyllum wallisii,1000,1000,,,,,,,,,,,,,,,,,,,,,,,,,,,,,
succulents-11,Panda Plant,succulents-types,product-type,"Panda Plant is a charming succulent known for its soft, fuzzy leaves edged with chocolate-brown tips. Thriving in bright light and requiring very little water, it’s an easy-care plant with a unique, velvety texture. Its cute, compact form makes it a delightful addition to any succulent collection or indoor display.",,,Embedded,Europe-Tax,tax-category,,,92869da9-b122-403e-a171-10ef45db110c,,panda-plant,,,,2025-12-05T21:24:33.132Z,2025-12-05T21:25:35.604Z,true,false,,suculents-11,1,https://images.cdn.europe-west1.gcp.commercetools.com/84a29bc0-7ec5-4246-b5ab-0b0595056755/flower-02-a-WemOHKj2.jpg,Panda Plant,960,1320,,EUR,1500,,2,centPrecision,,,,,,,,,,,,,,,,,,,,,,,
,,,,,,,,,,,,,,,,,,,,,,,,,https://images.cdn.europe-west1.gcp.commercetools.com/84a29bc0-7ec5-4246-b5ab-0b0595056755/flower-02-c-vJ9K24D9.jpg,Panda Plant,960,1320,,,,,,,,,,,,,,,,,,,,,,,,,,,,,
,,,,,,,,,,,,,,,,,,,,,,,,,https://images.cdn.europe-west1.gcp.commercetools.com/84a29bc0-7ec5-4246-b5ab-0b0595056755/flower-02-b-GXnD7feo.jpg,Panda Plant,960,1320,,,,,,,,,,,,,,,,,,,,,,,,,,,,,
cactus-01,Echinocactus grusonii,cactus-types,product-type,"Echinocactus grusonii, commonly known as the Golden Barrel Cactus, is a spherical cactus species native to central Mexico. It has a thick, ribbed, globe-shaped body covered with prominent golden-yellow spines and produces small yellow flowers near the crown when mature. It is widely grown as an ornamental plant due to its striking appearance and high tolerance to drought.",,,Embedded,Europe-Tax,tax-category,,,5a3f640d-ae78-4540-8861-2a61c61a79c2,,echinocactus-grusonii,,,,2025-11-30T19:45:05.557Z,2025-11-30T22:14:59.519Z,true,false,,CACTUS-0001,1,https://images.cdn.europe-west1.gcp.commercetools.com/84a29bc0-7ec5-4246-b5ab-0b0595056755/w6eff0plpwjl7xcwpdnf-NGFZEoxS.jpg,Echinocactus grusonii,820,820,,EUR,1000,,2,centPrecision,,,,,,,,,,,,,,,,,,,,,,,
,,,,,,,,,,,,,,,,,,,,,,,,,https://images.cdn.europe-west1.gcp.commercetools.com/84a29bc0-7ec5-4246-b5ab-0b0595056755/qcwadbvyqbem5nwxig6j-hehZoxvv.jpg,Echinocactus grusonii,1000,1000,,,,,,,,,,,,,,,,,,,,,,,,,,,,,
,,,,,,,,,,,,,,,,,,,,,,,,,https://images.cdn.europe-west1.gcp.commercetools.com/84a29bc0-7ec5-4246-b5ab-0b0595056755/khdqahnamr1w1jknlrjh-hbPi5_hT.jpg,Echinocactus grusonii,1000,1000,,,,,,,,,,,,,,,,,,,,,,,,,,,,,
orchids-01,Moth orchid - Yellow,indoor-plants-type,product-type,"Moth orchid is a graceful, easy-care orchid known for its long-lasting, butterfly-like blooms. It thrives in bright, indirect light and prefers a well-draining medium to keep its roots healthy. With minimal watering and a bit of humidity, it rewards you with elegant flowers for weeks. Your moth orchid will arrive in a nursery pot, ready to be placed in a decorative pot for a stunning display.",,,Embedded,Europe-Tax,tax-category,,,be80f1e6-5503-4b41-8f4c-17f8b2cbfb9f,,moth-orchid-yellow,,,,2025-11-30T22:13:33.851Z,2025-12-01T21:38:11.224Z,true,false,,ORCHID-01,1,https://images.cdn.europe-west1.gcp.commercetools.com/84a29bc0-7ec5-4246-b5ab-0b0595056755/avb3ot0iblix6ekis4sa-jfFCatv2.jpg,Boquetto Sensation,820,820,,EUR,3000,,2,centPrecision,,,,,,,,,,,,,,,,,,,,,,,
,,,,,,,,,,,,,,,,,,,,,,,,,https://images.cdn.europe-west1.gcp.commercetools.com/84a29bc0-7ec5-4246-b5ab-0b0595056755/dirbknvxws4y9mdpwddm-U2b1lEey.jpg,Boquetto Sensation,820,820,,,,,,,,,,,,,,,,,,,,,,,,,,,,,
,,,,,,,,,,,,,,,,,,,,,,,,,https://images.cdn.europe-west1.gcp.commercetools.com/84a29bc0-7ec5-4246-b5ab-0b0595056755/r0rudqsmqd5ixyrsx7az-kZY439RJ.jpg,Boquetto Sensation,1000,1000,,,,,,,,,,,,,,,,,,,,,,,,,,,,,
indoor-plants-10,Bird of Paradise,indoor-plants-type,product-type,"Bird of Paradise is a stunning indoor tropical known for its large, bold leaves and exotic, bird-like flowers when mature. It thrives in bright, indirect light and enjoys regular watering with good humidity. With its impressive size and lush, architectural look, it brings a dramatic, tropical vibe to any room.",,,Embedded,Europe-Tax,tax-category,,,e058a0d2-479e-4d48-8d96-2a2b3e4ec987,,bird-of-paradise,,,,2025-12-05T20:37:17.396Z,2025-12-05T20:41:32.292Z,true,false,,indoor-plants-10,1,https://images.cdn.europe-west1.gcp.commercetools.com/84a29bc0-7ec5-4246-b5ab-0b0595056755/flower-008-a--rEmTWIG.jpg,Bird of Paradise,960,1320,,EUR,12000,,2,centPrecision,,,,,,,,,,,,,,,,,,,,,,,
,,,,,,,,,,,,,,,,,,,,,,,,,https://images.cdn.europe-west1.gcp.commercetools.com/84a29bc0-7ec5-4246-b5ab-0b0595056755/flower-08-c-nfBYQsuG.jpg,Bird of Paradise,960,1320,,,,,,,,,,,,,,,,,,,,,,,,,,,,,
,,,,,,,,,,,,,,,,,,,,,,,,,https://images.cdn.europe-west1.gcp.commercetools.com/84a29bc0-7ec5-4246-b5ab-0b0595056755/flower-08-b-zzcRAdW9.jpg,Bird of Paradise,960,1320,,,,,,,,,,,,,,,,,,,,,,,,,,,,,
indoor-plants-09,Aeschynanthus japhrolepsis,indoor-plants-type,product-type,"Aeschynanthus japhrolepsis is a beautiful trailing plant known for its glossy green leaves and elegant cascading growth. Thriving in bright, indirect light and enjoying moderate watering, it’s easy to care for and well-suited for hanging baskets. Its graceful foliage adds a lush, tropical touch to any indoor space.",,,Embedded,Europe-Tax,tax-category,,,a685dabe-b721-4c58-8e3d-e60be7e2609f,,aeschynanthus-japhrolepsis,,,,2025-12-05T20:09:21.014Z,2025-12-05T20:11:27.707Z,true,false,,indoor-plants-09,1,https://images.cdn.europe-west1.gcp.commercetools.com/84a29bc0-7ec5-4246-b5ab-0b0595056755/aysrld98mpbxlvjgyoam-k200_DlD.jpg, Aeschynanthus japhrolepsis,820,820,,EUR,4000,,2,centPrecision,,,,,,,,,,,,,,,,,,,,,,,
,,,,,,,,,,,,,,,,,,,,,,,,,https://images.cdn.europe-west1.gcp.commercetools.com/84a29bc0-7ec5-4246-b5ab-0b0595056755/hopiu3n6ro4cb96k2xla-WQrcM4ym.jpg,Aeschynanthus japhrolepsis,820,820,,,,,,,,,,,,,,,,,,,,,,,,,,,,,
,,,,,,,,,,,,,,,,,,,,,,,,,https://images.cdn.europe-west1.gcp.commercetools.com/84a29bc0-7ec5-4246-b5ab-0b0595056755/aeschynanthus-db7c79-jBOelP4U.jpg,Aeschynanthus japhrolepsis,1000,1000,,,,,,,,,,,,,,,,,,,,,,,,,,,,,
chest-pot-1,Chest Pot - Brown,pots-types,product-type,"For bold style, look no further than our Chess pot in striking black, cobalt and brown hues. The checked print is hand stamped to create a grid of artfully imperfect squares, adding a playful twist to a traditionally uniform pattern. The artisanal finish lends each pot a unique look. Pair yours with an equally bold plant for a design contrast, or team with simpler foliage to put the pattern centre stage.",indoor-pots,,Embedded,Europe-Tax,tax-category,,,8a533f05-3571-4060-aa11-93d3148126a6,,chest-pot-brown,,,,2025-12-01T21:17:36.973Z,2025-12-01T21:18:59.505Z,true,false,,Chest-pot-01,1,https://images.cdn.europe-west1.gcp.commercetools.com/84a29bc0-7ec5-4246-b5ab-0b0595056755/lxpujqac3l4yxcczmtoa-WN7UX1Fo.jpg,Brown chest pot ,820,820,,EUR,1000,,2,centPrecision,,,,,,,,,,,,,,,,,,,,,,,
,,,,,,,,,,,,,,,,,,,,,,,,,https://images.cdn.europe-west1.gcp.commercetools.com/84a29bc0-7ec5-4246-b5ab-0b0595056755/kqgikei0dgpp2nfx7eyn-ElwW0mCa.jpg,Brown chest pot ,1000,1000,,,,,,,,,,,,,,,,,,,,,,,,,,,,,
,,,,,,,,,,,,,,,,,,,,,,,,,https://images.cdn.europe-west1.gcp.commercetools.com/84a29bc0-7ec5-4246-b5ab-0b0595056755/ijse1rwy0b30vgszuu9q-7qU1Y7EO.jpg,Brown chest pot ,820,820,,,,,,,,,,,,,,,,,,,,,,,,,,,,,
suculents-set-mini,Mini Succulent Set,cactus-types,product-type,"Mini Succulent Set is a charming collection of small, hardy succulents, each with unique shapes and textures. They thrive in bright light and need only occasional watering, making them perfect for beginners, gifts, or compact displays. Arriving in nursery pots, they’re ready to be arranged in decorative planters for a stylish, low-maintenance touch of greenery.",,,Embedded,Europe-Tax,tax-category,,,595ac3da-ac1c-4f61-be84-d4c75b239bce,,mini-succulent-set,,,,2025-12-02T21:18:51.051Z,2025-12-02T21:22:28.854Z,true,false,,suculents-set,1,https://images.cdn.europe-west1.gcp.commercetools.com/84a29bc0-7ec5-4246-b5ab-0b0595056755/sxxrclzpwwnhrrjiwxnx-uIxkUk2T.jpeg,mini succulent set,1500,1500,,EUR,3500,,2,centPrecision,,,,,,,,,,,,,,,,,,,,,,,
,,,,,,,,,,,,,,,,,,,,,,,,,https://images.cdn.europe-west1.gcp.commercetools.com/84a29bc0-7ec5-4246-b5ab-0b0595056755/ns9xkkfrdhxahdj8c73s-SzuT3yuR.jpg,mini succulent set,1000,1000,,,,,,,,,,,,,,,,,,,,,,,,,,,,,
indoor-pots-04,Concrete Pot -Light Gray,pots-types,product-type,"Concrete Pot is a sturdy and stylish planter made from durable concrete, perfect for both indoor and outdoor use. Its minimalist, modern design complements any décor, while its weight and solidity provide excellent stability for plants. Ideal for flowers, succulents, or small trees, it adds a sleek, contemporary touch to any space.",indoor-pots,,Embedded,Europe-Tax,tax-category,,,60e2b91f-ea20-4163-9fc8-8bf938c202f8,,concrete-pot,,,,2025-12-05T21:54:11.570Z,2025-12-05T21:56:07.798Z,true,false,,indor-pots-04,1,https://images.cdn.europe-west1.gcp.commercetools.com/84a29bc0-7ec5-4246-b5ab-0b0595056755/ooptvhbd7ctfhmgj4w9f-6KkbCvCR.jpg,Concrete Pot,820,820,,EUR,2500,,2,centPrecision,,,,,,,,,,,,,,,,,,,,,,,
,,,,,,,,,,,,,,,,,,,,,,,,,https://images.cdn.europe-west1.gcp.commercetools.com/84a29bc0-7ec5-4246-b5ab-0b0595056755/zufujowy3ijzrif18ybq-hY4ssaW6.jpg,Concrete Pot,1000,1000,,,,,,,,,,,,,,,,,,,,,,,,,,,,,
,,,,,,,,,,,,,,,,,,,,,,,,,https://images.cdn.europe-west1.gcp.commercetools.com/84a29bc0-7ec5-4246-b5ab-0b0595056755/kx2gukrgltnurv2zvvgl-AOOMl-P5.jpg,Concrete Pot,820,820,,,,,,,,,,,,,,,,,,,,,,,,,,,,,
orchids-04,Boquetto Sensation,indoor-plants-type,product-type,"Boquetto Sensation is a charming floral arrangement that brings elegance and color to any space. Perfect as a gift or a centerpiece, it combines fresh, vibrant blooms in a thoughtfully designed bouquet to delight the senses and brighten the room.",,,Embedded,Europe-Tax,tax-category,,,9e1e6d95-6d34-4a73-93db-6cff453cddd7,,boquetto-sensation1,,,,2025-12-01T21:35:01.949Z,2025-12-05T22:04:29.776Z,true,false,,ORCHID-04,1,https://images.cdn.europe-west1.gcp.commercetools.com/84a29bc0-7ec5-4246-b5ab-0b0595056755/Lara-1_1000x1000_cro-cvTS7wyQ.jpg,Boquetto Sensation,1000,1000,,EUR,4000,,2,centPrecision,,,,,,,,,,,,,,,,,,,,,,,
,,,,,,,,,,,,,,,,,,,,,,,,,https://images.cdn.europe-west1.gcp.commercetools.com/84a29bc0-7ec5-4246-b5ab-0b0595056755/Lara-2_1000x1000_cro-uGy5zcL6.jpg,Boquetto Sensation,1000,1000,,,,,,,,,,,,,,,,,,,,,,,,,,,,,
,,,,,,,,,,,,,,,,,,,,,,,,,https://images.cdn.europe-west1.gcp.commercetools.com/84a29bc0-7ec5-4246-b5ab-0b0595056755/Lara-3_1000x1000_cro-LuiRuXSM.jpg,Boquetto Sensation,1000,1000,,,,,,,,,,,,,,,,,,,,,,,,,,,,,
indoor-plants-07,Fiddle-Leaf Fig,indoor-plants-type,product-type,"Fiddle-Leaf Fig is a popular indoor plant admired for its large, violin-shaped leaves and bold, sculptural presence. It thrives in bright, indirect light and prefers moderate watering. Easy to care for with the right conditions, it adds a dramatic, stylish touch to any room.",,,Embedded,Europe-Tax,tax-category,,,53ef128a-c179-4085-a9de-e5aa8c306174,,fiddle-leaf-fig,,,,2025-12-04T00:16:11.555Z,2025-12-04T00:17:14.204Z,true,false,,indoor-plants-06,1,https://images.cdn.europe-west1.gcp.commercetools.com/84a29bc0-7ec5-4246-b5ab-0b0595056755/flower-06-a-nBnmjiO_.jpg,Fiddle-Leaf Fig,960,1320,,EUR,8500,,2,centPrecision,,,,,,,,,,,,,,,,,,,,,,,
,,,,,,,,,,,,,,,,,,,,,,,,,https://images.cdn.europe-west1.gcp.commercetools.com/84a29bc0-7ec5-4246-b5ab-0b0595056755/flower-06-c-KvppTxUV.jpg,Fiddle-Leaf Fig,960,1320,,,,,,,,,,,,,,,,,,,,,,,,,,,,,
,,,,,,,,,,,,,,,,,,,,,,,,,https://images.cdn.europe-west1.gcp.commercetools.com/84a29bc0-7ec5-4246-b5ab-0b0595056755/flower-06-b-dEgwmjyg.jpg,Fiddle-Leaf Fig,960,1320,,,,,,,,,,,,,,,,,,,,,,,,,,,,,
orchids-03,Moth orchid - Purple,indoor-plants-type,product-type,"Moth orchid is a graceful, easy-care orchid known for its long-lasting, butterfly-like blooms. It thrives in bright, indirect light and prefers a well-draining medium to keep its roots healthy. With minimal watering and a bit of humidity, it rewards you with elegant flowers for weeks. Your moth orchid will arrive in a nursery pot, ready to be placed in a decorative pot for a stunning display.",,,Embedded,Europe-Tax,tax-category,,,591d6004-e5c5-4187-ba30-031453fb0848,,moth-orchid-purple,,,,2025-12-01T20:59:58.709Z,2025-12-01T21:01:01.351Z,true,false,,ORCHID-03,1,https://images.cdn.europe-west1.gcp.commercetools.com/84a29bc0-7ec5-4246-b5ab-0b0595056755/tjouclsemctwaqhzue22-i2m19g2z.jpg,Moth orchid,820,820,,EUR,3000,,2,centPrecision,,,,,,,,,,,,,,,,,,,,,,,
,,,,,,,,,,,,,,,,,,,,,,,,,https://images.cdn.europe-west1.gcp.commercetools.com/84a29bc0-7ec5-4246-b5ab-0b0595056755/iew1pihua9k1h6yxrulh-i3K096-B.jpg,Moth orchid,820,820,,,,,,,,,,,,,,,,,,,,,,,,,,,,,
,,,,,,,,,,,,,,,,,,,,,,,,,https://images.cdn.europe-west1.gcp.commercetools.com/84a29bc0-7ec5-4246-b5ab-0b0595056755/pjhj05v7pcz1sf2atygf-S4mjun8e.jpg,Moth orchid,1000,1000,,,,,,,,,,,,,,,,,,,,,,,,,,,,,
outdoor-pots-05,Fibrestone Cylinder Pot,pots-types,product-type,"Fibrestone Cylinder Pot is a durable, lightweight planter with a sleek cylindrical design. Made from fibrestone, it combines the natural look of stone with easy handling and weather resistance. Ideal for both indoor and outdoor use, it provides excellent support for plants while adding a modern, elegant touch to any space.",outdoor-pots,,Embedded,Europe-Tax,tax-category,,,cc4150a7-0bd4-4389-8921-797fc3d8e9b9,,fibrestone-cylinder-pot,,,,2025-12-05T21:48:47.011Z,2025-12-05T21:49:34.437Z,true,false,,outdoor-pots-05,1,https://images.cdn.europe-west1.gcp.commercetools.com/84a29bc0-7ec5-4246-b5ab-0b0595056755/abo20rtjyn1qyla1baey-oOfsQF0D.jpg,Fibrestone Cylinder Pot,820,820,,EUR,5000,,2,centPrecision,,,,,,,,,,,,,,,,,,,,,,,
,,,,,,,,,,,,,,,,,,,,,,,,,https://images.cdn.europe-west1.gcp.commercetools.com/84a29bc0-7ec5-4246-b5ab-0b0595056755/akovsfqmmpx8hsorx2pp-Wd-31mM8.jpg,Fibrestone Cylinder Pot,820,820,,,,,,,,,,,,,,,,,,,,,,,,,,,,,
,,,,,,,,,,,,,,,,,,,,,,,,,https://images.cdn.europe-west1.gcp.commercetools.com/84a29bc0-7ec5-4246-b5ab-0b0595056755/cosnvxoibl8knoh4w1mb-T7vWIMA2.jpg,Fibrestone Cylinder Pot,820,820,,,,,,,,,,,,,,,,,,,,,,,,,,,,,
indoor-pots-01,Ceramic glazed green pot,pots-types,product-type,"Ceramic glazed green pot is a stylish and durable decorative planter with a smooth, glossy finish. Its rich green color adds freshness and a natural touch to any interior. Perfect for indoor plants, it offers great stability and serves as a beautiful accent piece in any space.",indoor-pots,,Embedded,Europe-Tax,tax-category,,,0f992fef-1f7b-4792-ba9b-f100fc7e8acd,,ceramic-glazed-green-pot,,,,2025-12-04T00:09:45.290Z,2025-12-05T21:52:49.524Z,true,false,,indoor-pots-01,1,https://images.cdn.europe-west1.gcp.commercetools.com/84a29bc0-7ec5-4246-b5ab-0b0595056755/cu2m4nknuledqh2t8b8f-l247DV0a.jpg,Ceramic glazed green pot,600,600,,EUR,1000,,2,centPrecision,,,,,,,,,,,,,,,,,,,,,,,
,,,,,,,,,,,,,,,,,,,,,,,,,https://images.cdn.europe-west1.gcp.commercetools.com/84a29bc0-7ec5-4246-b5ab-0b0595056755/v4fvxx4z2c2ldpbrq1kp-fv1UO3pg.jpg,Ceramic glazed green pot,1000,1000,,,,,,,,,,,,,,,,,,,,,,,,,,,,,
,,,,,,,,,,,,,,,,,,,,,,,,,https://images.cdn.europe-west1.gcp.commercetools.com/84a29bc0-7ec5-4246-b5ab-0b0595056755/lw0ack3b7ijnayaptdym-jKREUov-.jpg,Ceramic glazed green pot,820,820,,,,,,,,,,,,,,,,,,,,,,,,,,,,,
,,,,,,,,,,,,,,,,,,,,,,,,,https://images.cdn.europe-west1.gcp.commercetools.com/84a29bc0-7ec5-4246-b5ab-0b0595056755/bk2scgalk1ugmqsxzbag-n9qM1e0j.jpg,Ceramic glazed green pot,820,820,,,,,,,,,,,,,,,,,,,,,,,,,,,,,
indoor-plants-06,Maidenhair Fern,indoor-plants-type,product-type,"Maidenhair Fern is a delicate indoor plant known for its fine, lacy fronds and graceful appearance. It thrives in indirect light and high humidity, requiring consistent moisture to stay lush. Perfect for adding elegance and softness to any space, it brings a touch of natural beauty to your home or office.",,,Embedded,Europe-Tax,tax-category,,,27bf0799-bd92-4096-b48f-6ca58444c37b,,maidenhair-fern,,,,2025-12-02T21:47:05.415Z,2025-12-02T21:48:51.396Z,true,false,,indoor-plants-05,1,https://images.cdn.europe-west1.gcp.commercetools.com/84a29bc0-7ec5-4246-b5ab-0b0595056755/e3u1cmscl5doyufqy1jn-pneA27A6.jpeg,Maidenhair Fern,1500,1500,,EUR,1000,,2,centPrecision,,,,,,,,,,,,,,,,,,,,,,,
,,,,,,,,,,,,,,,,,,,,,,,,,https://images.cdn.europe-west1.gcp.commercetools.com/84a29bc0-7ec5-4246-b5ab-0b0595056755/befifnn9x7sntgjjfa15-TNwycxey.jpeg,Maidenhair Fern,1500,1500,,,,,,,,,,,,,,,,,,,,,,,,,,,,,
,,,,,,,,,,,,,,,,,,,,,,,,,https://images.cdn.europe-west1.gcp.commercetools.com/84a29bc0-7ec5-4246-b5ab-0b0595056755/kcmtwkbvxh2afw9urmeg-JhQZK2Ac.jpg,Maidenhair Fern,1000,1000,,,,,,,,,,,,,,,,,,,,,,,,,,,,,
,,,,,,,,,,,,,,,,,,,,,,,,,https://images.cdn.europe-west1.gcp.commercetools.com/84a29bc0-7ec5-4246-b5ab-0b0595056755/maidenhair-fern-306_-eMPSyBEp.jpg,Maidenhair Fern,1000,1000,,,,,,,,,,,,,,,,,,,,,,,,,,,,,
succulents-01,Gasteria obliqua 'Duval',succulents-types,product-type,"Gasteria obliqua 'Duval' is a compact succulent known for its thick, mottled leaves arranged in a charming, slightly twisted rosette. Thriving in bright, indirect light and requiring minimal watering, it’s an easy-care plant with a unique, sculptural look. Perfect for desks, shelves, or small spaces, it adds subtle character to any plant collection.",,,Embedded,Europe-Tax,tax-category,,,26094e15-9ada-4198-95a1-f8e41b4f4fa7,,gasteria-obliqua-duval,,,,2025-12-04T00:11:59.055Z,2025-12-04T00:14:50.880Z,true,false,,suculents-01,1,https://images.cdn.europe-west1.gcp.commercetools.com/84a29bc0-7ec5-4246-b5ab-0b0595056755/succulent9-pvKMP8ha.jpg,Gasteria obliqua 'Duval',820,820,,EUR,1000,,2,centPrecision,,,,,,,,,,,,,,,,,,,,,,,
,,,,,,,,,,,,,,,,,,,,,,,,,https://images.cdn.europe-west1.gcp.commercetools.com/84a29bc0-7ec5-4246-b5ab-0b0595056755/succulent10-c9LbVcNz.jpg,Gasteria obliqua 'Duval',1000,1000,,,,,,,,,,,,,,,,,,,,,,,,,,,,,
,,,,,,,,,,,,,,,,,,,,,,,,,https://images.cdn.europe-west1.gcp.commercetools.com/84a29bc0-7ec5-4246-b5ab-0b0595056755/succulent11-reRDFPo6.jpg,Gasteria obliqua 'Duval',1000,1000,,,,,,,,,,,,,,,,,,,,,,,,,,,,,
,,,,,,,,,,,,,,,,,,,,,,,,,https://images.cdn.europe-west1.gcp.commercetools.com/84a29bc0-7ec5-4246-b5ab-0b0595056755/succulent12-0cIEFDqL.jpg,Gasteria obliqua 'Duval',1000,1000,,,,,,,,,,,,,,,,,,,,,,,,,,,,,
succulents-07,Echeveria pulidonis 'Sky Pearl',succulents-types,product-type,"Echeveria pulidonis 'Sky Pearl' is a charming succulent with rosettes of pointed, pale blue-green leaves tipped with red. It thrives in bright light and requires minimal watering, making it easy to care for. Its elegant form and subtle colors make it a striking addition to any succulent collection or decorative display.",,,Embedded,Europe-Tax,tax-category,,,86c0e8cb-551b-479a-87d2-6f3f5d7d7fd6,,echeveria-pulidonis,,,,2025-12-04T00:50:26.127Z,2025-12-04T00:51:09.607Z,true,false,,suculents-06,1,https://images.cdn.europe-west1.gcp.commercetools.com/84a29bc0-7ec5-4246-b5ab-0b0595056755/succulent1-wm14cQAy.jpg,Echeveria pulidonis,820,820,,EUR,1200,,2,centPrecision,,,,,,,,,,,,,,,,,,,,,,,
,,,,,,,,,,,,,,,,,,,,,,,,,https://images.cdn.europe-west1.gcp.commercetools.com/84a29bc0-7ec5-4246-b5ab-0b0595056755/succulent2-fbL7TWrL.jpg,Echeveria pulidonis,820,820,,,,,,,,,,,,,,,,,,,,,,,,,,,,,
,,,,,,,,,,,,,,,,,,,,,,,,,https://images.cdn.europe-west1.gcp.commercetools.com/84a29bc0-7ec5-4246-b5ab-0b0595056755/succulent3-gUKQWlbw.jpg,Echeveria pulidonis,1000,1000,,,,,,,,,,,,,,,,,,,,,,,,,,,,,
,,,,,,,,,,,,,,,,,,,,,,,,,https://images.cdn.europe-west1.gcp.commercetools.com/84a29bc0-7ec5-4246-b5ab-0b0595056755/succulent4-77c3-Y3M.jpg,Echeveria pulidonis,1000,1000,,,,,,,,,,,,,,,,,,,,,,,,,,,,,
cactus-set-02,Mini Cactus Set – Ball,cactus-types,product-type,"Mini Cactus Set – Ball includes a curated selection of small, round cacti known for their charming shapes and unique spine patterns. Thriving in bright light and needing only minimal watering, they’re perfect for beginners or as decorative accents. Arriving in nursery pots, they’re ready to be arranged into a stylish, low-maintenance display.",,,Embedded,Europe-Tax,tax-category,,,fcb64b56-306f-49a3-b28b-b566796786cc,,mini-cactus-set-ball,,,,2025-12-02T21:25:53.352Z,2025-12-02T21:31:03.992Z,true,false,,cactus-set-02,1,https://images.cdn.europe-west1.gcp.commercetools.com/84a29bc0-7ec5-4246-b5ab-0b0595056755/uufktifvuqgdqk0nminu-rGtfjVL6.jpg,Mini Cactus Set – Ball,820,820,,EUR,4000,,2,centPrecision,,,,,,,,,,,,,,,,,,,,,,,
,,,,,,,,,,,,,,,,,,,,,,,,,https://images.cdn.europe-west1.gcp.commercetools.com/84a29bc0-7ec5-4246-b5ab-0b0595056755/qnplya7gcf7l4txleigp-xG-_-ra3.jpg,Mini Cactus Set – Ball,820,820,,,,,,,,,,,,,,,,,,,,,,,,,,,,,
indoor-pots-03,Blue Chest Pot,pots-types,product-type,"Blue Chest Pot is a modern decorative planter featuring a smooth, rich blue finish that adds a fresh, vibrant touch to any room. Durable and stylish, it pairs perfectly with both leafy plants and succulents. Its clean, contemporary design makes it a standout accent in any interior.",indoor-pots,,Embedded,Europe-Tax,tax-category,,,285e2a6c-f931-4ba7-92ca-2fed2633ae7e,,blue-chest-pot,,,,2025-12-05T21:12:40.114Z,2025-12-05T21:56:07.623Z,true,false,,indoor-pots-03,1,https://images.cdn.europe-west1.gcp.commercetools.com/84a29bc0-7ec5-4246-b5ab-0b0595056755/ei1moi5gtma1u6h7uilw-Bi3RHcuB.jpg,Blue Chest Pot,820,820,,EUR,1000,,2,centPrecision,,,,,,,,,,,,,,,,,,,,,,,
,,,,,,,,,,,,,,,,,,,,,,,,,https://images.cdn.europe-west1.gcp.commercetools.com/84a29bc0-7ec5-4246-b5ab-0b0595056755/mvjofhvuxxf8bkvn1mzw-eFc2iSsW.jpg,Blue Chest Pot,1000,1000,,,,,,,,,,,,,,,,,,,,,,,,,,,,,
,,,,,,,,,,,,,,,,,,,,,,,,,https://images.cdn.europe-west1.gcp.commercetools.com/84a29bc0-7ec5-4246-b5ab-0b0595056755/vljez8uhi6zbplghyx0m-rAbyiihJ.jpg,Blue Chest Pot,820,820,,,,,,,,,,,,,,,,,,,,,,,,,,,,,
,,,,,,,,,,,,,,,,,,,,,,,indoor-pots-033,2,https://images.cdn.europe-west1.gcp.commercetools.com/84a29bc0-7ec5-4246-b5ab-0b0595056755/kmz2mig4zywwnlw8mjuy-xMS3EP0t.jpeg,Blue Chest Pot,1500,1500,,EUR,700,,2,centPrecision,,,,,,,,,,,,,,,,,,,,,,,
,,,,,,,,,,,,,,,,,,,,,,,,,https://images.cdn.europe-west1.gcp.commercetools.com/84a29bc0-7ec5-4246-b5ab-0b0595056755/bdgwggbmnsmwzcggojml-sW05U0ry.jpg,Blue Chest Pot,820,820,,,,,,,,,,,,,,,,,,,,,,,,,,,,,
indoor-pots-02,black chest pot,pots-types,product-type,"Black Chest Pot is a stylish, modern planter with a sleek black finish that adds a bold, elegant touch to any space. Durable and versatile, it pairs beautifully with both leafy plants and sculptural succulents. Its clean, contemporary design makes it a perfect accent piece for any interior.",indoor-pots,,Embedded,Europe-Tax,tax-category,,,57f2b677-3506-40af-a6e0-28af6645c2f7,,black-chest-pot,,,,2025-12-05T20:43:49.369Z,2025-12-05T21:52:49.522Z,true,false,,indoor-pots-02,1,https://images.cdn.europe-west1.gcp.commercetools.com/84a29bc0-7ec5-4246-b5ab-0b0595056755/ajdedp6h39exrhjvyd93-VGZzNfCv.jpg,Black Chest Pot,820,820,,EUR,1000,,2,centPrecision,,,,,,,,,,,,,,,,,,,,,,,
,,,,,,,,,,,,,,,,,,,,,,,,,https://images.cdn.europe-west1.gcp.commercetools.com/84a29bc0-7ec5-4246-b5ab-0b0595056755/c3ct4zaczrgurxysu6ku-KTKakuyk.jpg,Black Chest Pot,820,820,,,,,,,,,,,,,,,,,,,,,,,,,,,,,
,,,,,,,,,,,,,,,,,,,,,,,indoor-pots-022,2,https://images.cdn.europe-west1.gcp.commercetools.com/84a29bc0-7ec5-4246-b5ab-0b0595056755/hxadpotugk9bm2tuiobv-qFa-rwbI.jpg,Black Chest Pot,820,820,,EUR,700,,2,centPrecision,,,,,,,,,,,,,,,,,,,,,,,
,,,,,,,,,,,,,,,,,,,,,,,,,https://images.cdn.europe-west1.gcp.commercetools.com/84a29bc0-7ec5-4246-b5ab-0b0595056755/rktwhomal50zgsgq628z-Zl34homc.jpg,Black Chest Pot,820,820,,,,,,,,,,,,,,,,,,,,,,,,,,,,,
outdoor-pots-03,Fibrestone Cube Pot – Light Gray,pots-types,product-type,"Fibrestone Cube Pot – Light Gray is a sleek, modern planter made from durable, lightweight fibrestone. Its clean cube shape and soft gray finish add a contemporary touch to any indoor or outdoor space. Strong, stylish, and weather-resistant, it provides a perfect home for larger plants while enhancing any décor.",outdoor-pots,,Embedded,Europe-Tax,tax-category,,,23a9d20e-43f2-4db0-876f-74e3fae41246,,fibrestone-cube-pot-light-gray,,,,2025-12-05T21:41:59.824Z,2025-12-05T21:43:15.030Z,true,false,,outdoor-pots-03,1,https://images.cdn.europe-west1.gcp.commercetools.com/84a29bc0-7ec5-4246-b5ab-0b0595056755/outdooor-pots12-cPqezPs0.jpg,Fibrestone Cube Pot – Light Gray,1000,1000,,EUR,4000,,2,centPrecision,,,,,,,,,,,,,,,,,,,,,,,
,,,,,,,,,,,,,,,,,,,,,,,,,https://images.cdn.europe-west1.gcp.commercetools.com/84a29bc0-7ec5-4246-b5ab-0b0595056755/outdoor-pots11-M7T793o_.jpeg,Fibrestone Cube Pot – Light Gray,1500,1500,,,,,,,,,,,,,,,,,,,,,,,,,,,,,
,,,,,,,,,,,,,,,,,,,,,,,,,https://images.cdn.europe-west1.gcp.commercetools.com/84a29bc0-7ec5-4246-b5ab-0b0595056755/outdoor-pots9-UrItQjUZ.jpeg,Fibrestone Cube Pot – Light Gray,1500,1500,,,,,,,,,,,,,,,,,,,,,,,,,,,,,
,,,,,,,,,,,,,,,,,,,,,,,,,https://images.cdn.europe-west1.gcp.commercetools.com/84a29bc0-7ec5-4246-b5ab-0b0595056755/outdoor-pots10-rwWfF_66.jpeg,Fibrestone Cube Pot – Light Gray,1500,1500,,,,,,,,,,,,,,,,,,,,,,,,,,,,,
,,,,,,,,,,,,,,,,,,,,,,,,,https://images.cdn.europe-west1.gcp.commercetools.com/84a29bc0-7ec5-4246-b5ab-0b0595056755/outdoor-pots8-ZyCtOCmi.jpeg,Fibrestone Cube Pot – Light Gray,1500,1500,,,,,,,,,,,,,,,,,,,,,,,,,,,,,
indoor-pots-05,Concrete Pot – Darck Gray,pots-types,product-type,"Concrete Pot is a sturdy and stylish planter made from durable concrete, perfect for both indoor and outdoor use. Its minimalist, modern design complements any décor, while its weight and solidity provide excellent stability for plants. Ideal for flowers, succulents, or small trees, it adds a sleek, contemporary touch to any space.",indoor-pots,,Embedded,Europe-Tax,tax-category,,,16c0a1cc-adfe-46b3-892a-df67ecb57f56,,concrete-pot-darck-gray,,,,2025-12-05T21:57:26.321Z,2025-12-05T21:58:19.235Z,true,false,,indoor-pots-05,1,https://images.cdn.europe-west1.gcp.commercetools.com/84a29bc0-7ec5-4246-b5ab-0b0595056755/nwjswrizuppubp9y3wcu-_1LRQpMg.jpeg,Concrete Pot – Darck Gray,1500,1500,,EUR,2500,,2,centPrecision,,,,,,,,,,,,,,,,,,,,,,,
,,,,,,,,,,,,,,,,,,,,,,,,,https://images.cdn.europe-west1.gcp.commercetools.com/84a29bc0-7ec5-4246-b5ab-0b0595056755/fwn7fjp74mu57ta2ucji-WLhsAyHo.jpg,Concrete Pot – Darck Gray,1000,1000,,,,,,,,,,,,,,,,,,,,,,,,,,,,,
,,,,,,,,,,,,,,,,,,,,,,,,,https://images.cdn.europe-west1.gcp.commercetools.com/84a29bc0-7ec5-4246-b5ab-0b0595056755/pvle3psrt7t8hjyhqxlt-0LzrJIT5.jpeg,Concrete Pot – Darck Gray,1500,1500,,,,,,,,,,,,,,,,,,,,,,,,,,,,,
cactus-08,Mammillaria polythele,cactus-types,product-type,"Mammillaria polythele is an attractive columnar cactus known for its dense clusters of evenly spaced spines and clean, architectural look. Thriving in bright light and requiring minimal watering, it’s an easy-care plant that adds striking texture and structure to any cactus collection.",,,Embedded,Europe-Tax,tax-category,,,25b42e9b-fd64-4fbc-b07a-66679af2371b,,mammillaria-polythele,,,,2025-12-02T21:37:37.443Z,2025-12-02T21:38:42.553Z,true,false,,CACTUS-0008,1,https://images.cdn.europe-west1.gcp.commercetools.com/84a29bc0-7ec5-4246-b5ab-0b0595056755/cacti1-rgpd1-Jm.jpg,Mammillaria polythele,820,820,,EUR,1000,,2,centPrecision,,,,,,,,,,,,,,,,,,,,,,,
,,,,,,,,,,,,,,,,,,,,,,,,,https://images.cdn.europe-west1.gcp.commercetools.com/84a29bc0-7ec5-4246-b5ab-0b0595056755/cacti4-dMcJbxN_.jpg,Mammillaria polythele,820,820,,,,,,,,,,,,,,,,,,,,,,,,,,,,,
,,,,,,,,,,,,,,,,,,,,,,,,,https://images.cdn.europe-west1.gcp.commercetools.com/84a29bc0-7ec5-4246-b5ab-0b0595056755/cacti3-iV2Ope0t.jpg,Mammillaria polythele,1000,1000,,,,,,,,,,,,,,,,,,,,,,,,,,,,,
,,,,,,,,,,,,,,,,,,,,,,,,,https://images.cdn.europe-west1.gcp.commercetools.com/84a29bc0-7ec5-4246-b5ab-0b0595056755/cacti2-M09VIgLi.jpg,Mammillaria polythele,1000,1000,,,,,,,,,,,,,,,,,,,,,,,,,,,,,
orchids-02,Boquetto Delight,indoor-plants-type,product-type,"Boquetto Delight is a joyful, beautifully arranged bouquet designed to lift the mood instantly. With its bright, fresh blooms and harmonious colors, it brings a touch of charm and warmth to any space—perfect for gifting or adding a delightful accent to your home.",,,Embedded,Europe-Tax,tax-category,,,c7c241d6-6cc7-4fbc-987c-c67b8aa773a8,,boquetto-delight,,,,2025-12-01T20:55:52.724Z,2025-12-01T21:14:49.926Z,true,false,,ORCHID-02,1,https://images.cdn.europe-west1.gcp.commercetools.com/84a29bc0-7ec5-4246-b5ab-0b0595056755/Alice-1_1000x1000_cr-Hhf66Nk5.jpg,Boquetto Delight,1000,1000,,EUR,3000,,2,centPrecision,,,,,,,,,,,,,,,,,,,,,,,
,,,,,,,,,,,,,,,,,,,,,,,,,https://images.cdn.europe-west1.gcp.commercetools.com/84a29bc0-7ec5-4246-b5ab-0b0595056755/Alice-2_1000x1000_cr-u7PMyTBZ.jpg,Boquetto Delight,1000,1000,,,,,,,,,,,,,,,,,,,,,,,,,,,,,
succulents-06,Echeveria lilacina,succulents-types,product-type,"Echeveria lilacina, also known as the Ghost Echeveria, is a graceful succulent with soft, silvery-lilac rosettes. Thriving in bright light and needing minimal watering, it’s an easy-care plant. Its delicate color and elegant form make it a beautiful addition to any succulent collection or decorative arrangement.",,,Embedded,Europe-Tax,tax-category,,,2133922a-6c64-44bd-8659-8c039d24407d,,echeveria-lilacina,,,,2025-12-04T00:52:28.008Z,2025-12-04T00:53:48.336Z,true,false,,suculents-08,1,https://images.cdn.europe-west1.gcp.commercetools.com/84a29bc0-7ec5-4246-b5ab-0b0595056755/s6i3g02jyt4puorkapek-Y3h6lAzN.jpg,Echeveria lilacina,820,820,,EUR,1200,,2,centPrecision,,,,,,,,,,,,,,,,,,,,,,,
,,,,,,,,,,,,,,,,,,,,,,,,,https://images.cdn.europe-west1.gcp.commercetools.com/84a29bc0-7ec5-4246-b5ab-0b0595056755/u1ewanoebzkd5letdwvn-b93pK2_Y.jpeg,Echeveria lilacina,1500,1500,,,,,,,,,,,,,,,,,,,,,,,,,,,,,
,,,,,,,,,,,,,,,,,,,,,,,,,https://images.cdn.europe-west1.gcp.commercetools.com/84a29bc0-7ec5-4246-b5ab-0b0595056755/tfy38vfbq9kmnweyikrc-jr8xFHi2.jpg,Echeveria lilacina,1000,1000,,,,,,,,,,,,,,,,,,,,,,,,,,,,,
cactus-set-01,Mini Cactus Set – Tall,cactus-types,product-type,"Mini Cactus Set – Tall features a selection of slender, upright cacti that bring striking shapes and desert charm to any space. Easy to care for, they thrive in bright light and require very little water. Arriving in nursery pots, they’re perfect for creating a stylish, low-maintenance display with bold vertical accents.",,,Embedded,Europe-Tax,tax-category,,,27321c04-1c05-4fc5-8792-7f660f67d3b8,,mini-cactus-set-tall,,,,2025-12-02T21:23:41.901Z,2025-12-02T21:24:28.353Z,true,false,,cactus-set-01,1,https://images.cdn.europe-west1.gcp.commercetools.com/84a29bc0-7ec5-4246-b5ab-0b0595056755/c5uh1jvm4v8rbiasjkdy-S4kIIV0e.jpg,,820,820,,EUR,4000,,2,centPrecision,,,,,,,,,,,,,,,,,,,,,,,
,,,,,,,,,,,,,,,,,,,,,,,,,https://images.cdn.europe-west1.gcp.commercetools.com/84a29bc0-7ec5-4246-b5ab-0b0595056755/uj1nlqjn43olkt4yrai6-gx0wkCqt.jpeg,,1500,1500,,,,,,,,,,,,,,,,,,,,,,,,,,,,,
succulents-09,Aloe Juvenna,succulents-types,product-type,"Aloe juvenna, also known as Tiger Tooth Aloe, is a compact succulent with stacked, spiky leaves marked by delicate white spots. Thriving in bright light and requiring minimal watering, it’s a hardy, easy-care plant. Its unique geometric shape and bold texture make it a striking addition to any succulent collection.",,,Embedded,Europe-Tax,tax-category,,,f412d2aa-c9bf-49cd-ab0d-f06e82439525,,aloe-juvenna,,,,2025-12-05T20:12:52.355Z,2025-12-05T20:14:30.320Z,true,false,,suculents-09,1,https://images.cdn.europe-west1.gcp.commercetools.com/84a29bc0-7ec5-4246-b5ab-0b0595056755/flower-03-a-ki8UVwZs.jpg,Aloe juvenna,960,1320,,EUR,2000,,2,centPrecision,,,,,,,,,,,,,,,,,,,,,,,
,,,,,,,,,,,,,,,,,,,,,,,,,https://images.cdn.europe-west1.gcp.commercetools.com/84a29bc0-7ec5-4246-b5ab-0b0595056755/flower-03-c-op2fi4dS.jpg,Aloe juvenna,960,1320,,,,,,,,,,,,,,,,,,,,,,,,,,,,,
,,,,,,,,,,,,,,,,,,,,,,,,,https://images.cdn.europe-west1.gcp.commercetools.com/84a29bc0-7ec5-4246-b5ab-0b0595056755/flower-003-b-N46u9pmD.jpg,Aloe juvenna,960,1320,,,,,,,,,,,,,,,,,,,,,,,,,,,,,
cactus-02,Vatricania guentherii,cactus-types,product-type,"Vatricania guentherii is a rare, column-shaped cactus known for its striking spines and elegant vertical form. Native to Bolivia, it thrives in bright sunlight and requires very little water, making it a perfect low-maintenance statement plant. Its distinctive appearance adds a sculptural, desert-inspired touch to any collection.",,,Embedded,Europe-Tax,tax-category,,,b7e5f5a9-c0eb-41d3-93f3-5d6975f2bcf8,,vatricania-guentherii,,,,2025-12-01T21:40:09.919Z,2025-12-01T21:42:39.641Z,true,false,,CACTUS-0002,1,https://images.cdn.europe-west1.gcp.commercetools.com/84a29bc0-7ec5-4246-b5ab-0b0595056755/cactus9-Rdy166o2.jpg,Vatricania guentherii,820,820,,EUR,500,,2,centPrecision,,,,,,,,,,,,,,,,,,,,,,,
,,,,,,,,,,,,,,,,,,,,,,,,,https://images.cdn.europe-west1.gcp.commercetools.com/84a29bc0-7ec5-4246-b5ab-0b0595056755/cactus11-cjtfi5V_.jpg,Vatricania guentherii,820,820,,,,,,,,,,,,,,,,,,,,,,,,,,,,,
,,,,,,,,,,,,,,,,,,,,,,,,,https://images.cdn.europe-west1.gcp.commercetools.com/84a29bc0-7ec5-4246-b5ab-0b0595056755/cactus10-GPAZF41A.jpg,Vatricania guentherii,1000,1000,,,,,,,,,,,,,,,,,,,,,,,,,,,,,
cactus-09,Echinopsis oxygona,cactus-types,product-type,"Echinopsis oxygona is a globular cactus known for its striking, large, trumpet-shaped flowers that bloom in vibrant colors. Thriving in bright sunlight and requiring minimal watering, it’s an easy-care plant that brings a dramatic and beautiful touch to any cactus collection or indoor/outdoor display.",,,Embedded,Europe-Tax,tax-category,,,52a9b9e8-e411-4fd3-a571-d5d21e806c1a,,echinopsis-oxygona,,,,2025-12-04T00:37:01.079Z,2025-12-04T00:38:16.443Z,true,false,,CACTUS-009,1,https://images.cdn.europe-west1.gcp.commercetools.com/84a29bc0-7ec5-4246-b5ab-0b0595056755/cactus1-mj08yGid.jpg,Echinopsis oxygona,820,820,,EUR,1000,,2,centPrecision,,,,,,,,,,,,,,,,,,,,,,,
,,,,,,,,,,,,,,,,,,,,,,,,,https://images.cdn.europe-west1.gcp.commercetools.com/84a29bc0-7ec5-4246-b5ab-0b0595056755/cactus2-yLPG5ox9.jpg,Echinopsis oxygona,820,820,,,,,,,,,,,,,,,,,,,,,,,,,,,,,
,,,,,,,,,,,,,,,,,,,,,,,,,https://images.cdn.europe-west1.gcp.commercetools.com/84a29bc0-7ec5-4246-b5ab-0b0595056755/cactus4-7nN2ayLT.jpg,Echinopsis oxygona,1000,1000,,,,,,,,,,,,,,,,,,,,,,,,,,,,,
,,,,,,,,,,,,,,,,,,,,,,,,,https://images.cdn.europe-west1.gcp.commercetools.com/84a29bc0-7ec5-4246-b5ab-0b0595056755/cactus3-GEBNAELw.jpg,Echinopsis oxygona,1000,1000,,,,,,,,,,,,,,,,,,,,,,,,,,,,,
nursery-pot-02,Nursery pots - green,pots-types,product-type,"Nursery pots are lightweight, practical containers used for growing and transporting plants. Made from flexible plastic, they promote healthy root development and provide excellent drainage. They’re designed for function rather than style, making them ideal for propagation, repotting, and temporary housing. Many people place nursery pots inside decorative planters to keep plants neat while still allowing easy watering and care.",,,Embedded,Europe-Tax,tax-category,,,1a42b14d-7069-49d5-b0c1-ea7370659a24,,nursery-pots-green,,,,2025-12-02T21:01:38.834Z,2025-12-02T21:03:56.691Z,true,false,,Nursery-Pot-02,1,https://images.cdn.europe-west1.gcp.commercetools.com/84a29bc0-7ec5-4246-b5ab-0b0595056755/cultivation-pot1-i3PS1eCk.jpg,nursery pots green ,820,820,,EUR,500,,2,centPrecision,,,,,,,,,,,,,,,,,,,,,,,
,,,,,,,,,,,,,,,,,,,,,,,,,https://images.cdn.europe-west1.gcp.commercetools.com/84a29bc0-7ec5-4246-b5ab-0b0595056755/cultivation-pot5-2gLzv3ZF.jpg,nursery pots green ,820,820,,,,,,,,,,,,,,,,,,,,,,,,,,,,,
,,,,,,,,,,,,,,,,,,,,,,,,,https://images.cdn.europe-west1.gcp.commercetools.com/84a29bc0-7ec5-4246-b5ab-0b0595056755/cultivation-pot3-SiBviCfg.jpg,nursery pots green ,820,820,,,,,,,,,,,,,,,,,,,,,,,,,,,,,
,,,,,,,,,,,,,,,,,,,,,,,,,https://images.cdn.europe-west1.gcp.commercetools.com/84a29bc0-7ec5-4246-b5ab-0b0595056755/cultivation-pot4-2wKRgn7e.jpg,nursery pots green ,820,820,,,,,,,,,,,,,,,,,,,,,,,,,,,,,
succulent-sets-02,Large Succulent Set,succulents-types,product-type,"Large Succulent Set is a beautifully curated collection of sizable, easy-care succulents with diverse shapes, colors, and textures. Thriving in bright light and requiring only occasional watering, these hardy plants create a striking, low-maintenance display. Arriving in nursery pots, they’re ready to be arranged in decorative planters for a bold, modern touch of greenery.",,,Embedded,Europe-Tax,tax-category,,,13ded793-a2f8-46dc-a138-5cf3f62fbac6,,large-succulent-set,,,,2025-12-04T00:01:30.609Z,2025-12-04T00:02:37.055Z,true,false,,suculents-set-02,1,https://images.cdn.europe-west1.gcp.commercetools.com/84a29bc0-7ec5-4246-b5ab-0b0595056755/ku2udccp4sbchhohk51e-HZjNpAPR.jpeg,Large Succulent Set,1500,1500,,EUR,3000,,2,centPrecision,,,,,,,,,,,,,,,,,,,,,,,
,,,,,,,,,,,,,,,,,,,,,,,,,https://images.cdn.europe-west1.gcp.commercetools.com/84a29bc0-7ec5-4246-b5ab-0b0595056755/pgylanjhrylcjm34oecc-sxSyNk1x.jpeg,Large Succulent Set,1500,1500,,,,,,,,,,,,,,,,,,,,,,,,,,,,,
,,,,,,,,,,,,,,,,,,,,,,,,,https://images.cdn.europe-west1.gcp.commercetools.com/84a29bc0-7ec5-4246-b5ab-0b0595056755/xtpt3wlsjnku8riczfyr-bT12wVRm.jpg,Large Succulent Set,1000,1000,,,,,,,,,,,,,,,,,,,,,,,,,,,,,
indoor-plants-01,Wild Banana,indoor-plants-type,product-type,"Wild Banana is a lush indoor foliage plant known for its large, tropical leaves that instantly create a vibrant, jungle-like feel. It thrives in bright, indirect light and enjoys regular watering with good humidity. With its bold, architectural foliage, this plant makes a striking statement in any room and brings a refreshing touch of the tropics to your space.",,,Embedded,Europe-Tax,tax-category,,,c21cd9a2-fd34-42df-a250-c8234f40979a,,wild-banana,,,,2025-12-01T21:24:24.308Z,2025-12-01T21:32:04.795Z,true,false,,indoor-plants-01,1,https://images.cdn.europe-west1.gcp.commercetools.com/84a29bc0-7ec5-4246-b5ab-0b0595056755/udqsz2g3pk0qwbb6b8rs-2HHxktva.jpg,Wild Banana,820,820,,EUR,15000,,2,centPrecision,,,,,,,,,,,,,,,,,,,,,,,
,,,,,,,,,,,,,,,,,,,,,,,,,https://images.cdn.europe-west1.gcp.commercetools.com/84a29bc0-7ec5-4246-b5ab-0b0595056755/asl1oolitforhvtvj7li-k5SX57-P.jpg,Wild Banana,820,820,,,,,,,,,,,,,,,,,,,,,,,,,,,,,
,,,,,,,,,,,,,,,,,,,,,,,,,https://images.cdn.europe-west1.gcp.commercetools.com/84a29bc0-7ec5-4246-b5ab-0b0595056755/pytc3nyepi8ec56ncz5e-JV6eCyf_.jpg,Wild Banana,1000,1000,,,,,,,,,,,,,,,,,,,,,,,,,,,,,
,,,,,,,,,,,,,,,,,,,,,,,,,https://images.cdn.europe-west1.gcp.commercetools.com/84a29bc0-7ec5-4246-b5ab-0b0595056755/i4punbwgagbrdxuhzapv-x0z9drdy.jpg,Wild Banana,820,820,,,,,,,,,,,,,,,,,,,,,,,,,,,,,
indoor-plants-08,Epipremnum 'Global Green',indoor-plants-type,product-type,"Epipremnum 'Global Green' is a vibrant trailing indoor plant with glossy, heart-shaped leaves in a rich, uniform green. Easy to care for, it thrives in bright, indirect light but tolerates lower light conditions, and requires moderate watering. Perfect for hanging baskets, shelves, or as a climbing plant, it adds lush greenery and a fresh, tropical feel to any space.",,,Embedded,Europe-Tax,tax-category,,,0e093224-fc68-4ae1-835d-e7b1afaddecb,,epipremnum-global-green,,,,2025-12-04T00:33:37.401Z,2025-12-04T00:34:59.624Z,true,false,,indoor-plants-07,1,https://images.cdn.europe-west1.gcp.commercetools.com/84a29bc0-7ec5-4246-b5ab-0b0595056755/avxfjkkv61mgvvftzuug-4TdE1qt1.jpg,Epipremnum 'Global Green',820,820,,EUR,2000,,2,centPrecision,,,,,,,,,,,,,,,,,,,,,,,
,,,,,,,,,,,,,,,,,,,,,,,,,https://images.cdn.europe-west1.gcp.commercetools.com/84a29bc0-7ec5-4246-b5ab-0b0595056755/js8fe0tkuoi7gsoijiar-Lst1U3aM.jpg,Epipremnum 'Global Green',820,820,,,,,,,,,,,,,,,,,,,,,,,,,,,,,
,,,,,,,,,,,,,,,,,,,,,,,,,https://images.cdn.europe-west1.gcp.commercetools.com/84a29bc0-7ec5-4246-b5ab-0b0595056755/glzujyp6ffgtr4nkeftj-TptzCYw3.jpg,Epipremnum 'Global Green',820,820,,,,,,,,,,,,,,,,,,,,,,,,,,,,,
,,,,,,,,,,,,,,,,,,,,,,,,,https://images.cdn.europe-west1.gcp.commercetools.com/84a29bc0-7ec5-4246-b5ab-0b0595056755/hal4sonkupw3dojg3zbu-UCPWJdwP.jpg,Epipremnum 'Global Green',1000,1000,,,,,,,,,,,,,,,,,,,,,,,,,,,,,
outdoor-pots-04,Fibrestone Cube Pot – Dark Gray,pots-types,product-type,"Fibrestone Cube Pot – Dark Gray is a modern, durable planter made from lightweight fibrestone. Its clean, cube design and deep gray finish add a sophisticated, contemporary touch to indoor or outdoor spaces. Sturdy and stylish, it provides excellent support for larger plants while enhancing any décor.",outdoor-pots,,Embedded,Europe-Tax,tax-category,,,f5672b4c-7006-43e7-ab3c-57ef9b9827d5,,fibrestone-cube-pot-dark-gray,,,,2025-12-05T21:44:37.413Z,2025-12-05T21:45:22.016Z,true,false,,outdoor-pots-04,1,https://images.cdn.europe-west1.gcp.commercetools.com/84a29bc0-7ec5-4246-b5ab-0b0595056755/outdoor-pots4-nw0wLyyc.jpg,Fibrestone Cube Pot – Dark Gray,1000,1000,,EUR,4000,,2,centPrecision,,,,,,,,,,,,,,,,,,,,,,,
,,,,,,,,,,,,,,,,,,,,,,,,,https://images.cdn.europe-west1.gcp.commercetools.com/84a29bc0-7ec5-4246-b5ab-0b0595056755/outdoor-pots-7-otzMHeCE.jpeg,Fibrestone Cube Pot – Dark Gray,1500,1500,,,,,,,,,,,,,,,,,,,,,,,,,,,,,
,,,,,,,,,,,,,,,,,,,,,,,,,https://images.cdn.europe-west1.gcp.commercetools.com/84a29bc0-7ec5-4246-b5ab-0b0595056755/outdoor-pots6-Z0SWOZAL.jpeg,Fibrestone Cube Pot – Dark Gray,1500,1500,,,,,,,,,,,,,,,,,,,,,,,,,,,,,
,,,,,,,,,,,,,,,,,,,,,,,,,https://images.cdn.europe-west1.gcp.commercetools.com/84a29bc0-7ec5-4246-b5ab-0b0595056755/outdoor-pots5-u2tnRDAv.jpeg,Fibrestone Cube Pot – Dark Gray,1500,1500,,,,,,,,,,,,,,,,,,,,,,,,,,,,,
cactus-06,Parodia warasii,cactus-types,product-type,"Parodia warasii is a charming, globe-shaped cactus known for its bright green body and neat rows of soft, golden spines. In good light, it produces striking yellow flowers that add a burst of color. Easy to care for and highly decorative, it’s a perfect addition to any cactus or succulent collection.",,,Embedded,Europe-Tax,tax-category,,,d1765f5b-1db9-41e9-998e-7eb25672c3bc,,parodia-warasii,,,,2025-12-02T21:10:28.130Z,2025-12-02T21:12:09.655Z,true,false,,CACTUS-0006,1,https://images.cdn.europe-west1.gcp.commercetools.com/84a29bc0-7ec5-4246-b5ab-0b0595056755/wuhf7to9aiyplqeymgun-ZcJRHom6.jpg,Parodia warasii,820,820,,EUR,1000,,2,centPrecision,,,,,,,,,,,,,,,,,,,,,,,
,,,,,,,,,,,,,,,,,,,,,,,,,https://images.cdn.europe-west1.gcp.commercetools.com/84a29bc0-7ec5-4246-b5ab-0b0595056755/hpyzwma5hlchmap84zvr-5cFzx-pL.jpg,Parodia warasii,820,820,,,,,,,,,,,,,,,,,,,,,,,,,,,,,
,,,,,,,,,,,,,,,,,,,,,,,,,https://images.cdn.europe-west1.gcp.commercetools.com/84a29bc0-7ec5-4246-b5ab-0b0595056755/gsncs2ttyxmu2xghqjqn-0RFBUU-S.jpg,Parodia warasii,1000,1000,,,,,,,,,,,,,,,,,,,,,,,,,,,,,
,,,,,,,,,,,,,,,,,,,,,,,,,https://images.cdn.europe-west1.gcp.commercetools.com/84a29bc0-7ec5-4246-b5ab-0b0595056755/kryqswsm7g8wp8xjtnka-WmJ7PX9m.jpg,Parodia warasii,1000,1000,,,,,,,,,,,,,,,,,,,,,,,,,,,,,
indoor-plants-03,Dischidia oiantha 'Variegata',indoor-plants-type,product-type,"Dischidia oiantha 'Variegata' is a charming trailing plant with thick, variegated leaves that add texture and brightness to any space. Perfect for hanging baskets or shelves, it thrives in bright, indirect light and prefers minimal watering. Its unique foliage makes it a striking, easy-care addition to indoor plant collections.",,,Embedded,Europe-Tax,tax-category,,,98e62715-6ce0-40ea-a4d0-196e7f8939a7,,dischidia-oiantha-variegata,,,,2025-12-01T22:15:19.778Z,2025-12-01T22:17:02.990Z,true,false,,Hangin-plants-01,1,https://images.cdn.europe-west1.gcp.commercetools.com/84a29bc0-7ec5-4246-b5ab-0b0595056755/e4qpatcstnigaqezs2y8-RlCqbszn.jpg,Dischidia oiantha 'Variegata',820,820,,EUR,2000,,2,centPrecision,,,,,,,,,,,,,,,,,,,,,,,
,,,,,,,,,,,,,,,,,,,,,,,,,https://images.cdn.europe-west1.gcp.commercetools.com/84a29bc0-7ec5-4246-b5ab-0b0595056755/uthta7ptiljoimwckuxy-o6U86C7M.jpg,Dischidia oiantha 'Variegata',820,820,,,,,,,,,,,,,,,,,,,,,,,,,,,,,
,,,,,,,,,,,,,,,,,,,,,,,,,https://images.cdn.europe-west1.gcp.commercetools.com/84a29bc0-7ec5-4246-b5ab-0b0595056755/valbbjgs387uec7pqobd-bjbllOfu.jpg,Dischidia oiantha 'Variegata',1000,1000,,,,,,,,,,,,,,,,,,,,,,,,,,,,,
,,,,,,,,,,,,,,,,,,,,,,,,,https://images.cdn.europe-west1.gcp.commercetools.com/84a29bc0-7ec5-4246-b5ab-0b0595056755/ckwruyb8nkkcw6g3fefq-bHpReNRx.jpg,Dischidia oiantha 'Variegata',1000,1000,,,,,,,,,,,,,,,,,,,,,,,,,,,,,
indoor-plants-11,Ceropegia woodii,indoor-plants-type,product-type,"Ceropegia woodii, also known as String of Hearts, is a delicate trailing plant with heart-shaped leaves and elegant cascading vines. It thrives in bright, indirect light and needs only occasional watering. Charming, easy-care, and perfect for hanging planters, it adds a romantic, airy touch to any indoor space.",,,Embedded,Europe-Tax,tax-category,,,63f3bbed-2826-46ea-b59b-38c2fc930c5a,,ceropegia-woodii,,,,2025-12-05T21:19:13.324Z,2025-12-05T21:20:32.986Z,true,false,,indoor-plants-11,1,https://images.cdn.europe-west1.gcp.commercetools.com/84a29bc0-7ec5-4246-b5ab-0b0595056755/kospvyg0ozcnwfru4ree-zKT4HEO7.jpg,Ceropegia woodii,820,820,,EUR,3500,,2,centPrecision,,,,,,,,,,,,,,,,,,,,,,,
,,,,,,,,,,,,,,,,,,,,,,,,,https://images.cdn.europe-west1.gcp.commercetools.com/84a29bc0-7ec5-4246-b5ab-0b0595056755/my8os17jbnu3qs6cjc05-EwVmvZuG.jpg,Ceropegia woodii,820,820,,,,,,,,,,,,,,,,,,,,,,,,,,,,,
,,,,,,,,,,,,,,,,,,,,,,,,,https://images.cdn.europe-west1.gcp.commercetools.com/84a29bc0-7ec5-4246-b5ab-0b0595056755/ceropegia-woodii-aa6-RfZPPUlz.jpg,Ceropegia woodii,1000,1000,,,,,,,,,,,,,,,,,,,,,,,,,,,,,
cactus-04,Polaskia chula,cactus-types,product-type,"Polaskia chichipe is a striking columnar cactus known for its branching, tree-like shape and dense clusters of short spines. Native to Mexico, it thrives in bright sunlight and needs very little water, making it an excellent low-maintenance plant. Its sculptural form adds a bold, architectural accent to any cactus collection.",,,Embedded,Europe-Tax,tax-category,,,7ac7fbe1-06d5-4eef-8752-dc611141d97b,,polaskia-chula,,,,2025-12-02T20:58:40.394Z,2025-12-02T21:00:04.258Z,true,false,,CACTUS-0004,1,https://images.cdn.europe-west1.gcp.commercetools.com/84a29bc0-7ec5-4246-b5ab-0b0595056755/tagygku2wmheiahuemqm-aSDtyh6w.jpeg,Polaskia chula,1500,1500,,EUR,1000,,2,centPrecision,,,,,,,,,,,,,,,,,,,,,,,
,,,,,,,,,,,,,,,,,,,,,,,,,https://images.cdn.europe-west1.gcp.commercetools.com/84a29bc0-7ec5-4246-b5ab-0b0595056755/cpbycdbbayd1jqmrhbsb-_8BfJ9Z2.jpeg,Polaskia chula,1500,1500,,,,,,,,,,,,,,,,,,,,,,,,,,,,,
,,,,,,,,,,,,,,,,,,,,,,,,,https://images.cdn.europe-west1.gcp.commercetools.com/84a29bc0-7ec5-4246-b5ab-0b0595056755/frliim3sjsokr5rbnbgt-3De6tOFE.jpg,Polaskia chula,1000,1000,,,,,,,,,,,,,,,,,,,,,,,,,,,,,
indoor-plants-04,Rubber Plant,indoor-plants-type,product-type,"Rubber Plant is a stylish indoor plant loved for its broad, glossy leaves and bold, modern look. It thrives in bright, indirect light and enjoys moderate watering. Easy to care for and naturally air-purifying, it adds a touch of elegance and lush greenery to any room.",,,Embedded,Europe-Tax,tax-category,,,f1201624-7eb7-4ffa-84ed-09fe9deb0a09,,rubber-plant,,,,2025-12-02T20:53:47.647Z,2025-12-02T21:00:04.222Z,true,false,,indoor-plants-03,1,https://images.cdn.europe-west1.gcp.commercetools.com/84a29bc0-7ec5-4246-b5ab-0b0595056755/flower-009-a-48f4a5B6.jpg,Rubber Plant,960,1320,,EUR,5000,,2,centPrecision,,,,,,,,,,,,,,,,,,,,,,,
,,,,,,,,,,,,,,,,,,,,,,,,,https://images.cdn.europe-west1.gcp.commercetools.com/84a29bc0-7ec5-4246-b5ab-0b0595056755/flower-09-b-bncbLsN4.jpg,Rubber Plant,960,1320,,,,,,,,,,,,,,,,,,,,,,,,,,,,,
,,,,,,,,,,,,,,,,,,,,,,,,,https://images.cdn.europe-west1.gcp.commercetools.com/84a29bc0-7ec5-4246-b5ab-0b0595056755/flower-09-c-u3RQWVNy.jpg,Rubber Plant,960,1320,,,,,,,,,,,,,,,,,,,,,,,,,,,,,